title_ID,fullscore,knowledge_num,knowledge,sub_knowledge,knowledge2,sub_knowledge2
Question_ZTbD7mxr2OUp8Fz6iNjy,3,1,m3D1v,m3D1v_v3d9is1x,,
Question_YWXHr4G6Cl7bEm9iF2kQ,3,1,g7R2j,g7R2j_j1g8gd3v,,
Question_xqlJkmRaP0otZcX4fK3W,3,1,g7R2j,g7R2j_e0v1yls8,,
Question_X3wF8QlTyi4mZkDp9Kae,3,1,g7R2j,g7R2j_e0v1yls8,,
Question_x2L7AqbMuTjCwPFy6vNr,2,1,t5V9e,t5V9e_e1k6cixp,,
Question_x2Fy7rZ3SwYl9jMQkpOD,3,2,y9W5d,y9W5d_c0w4mj5h,s8Y2f,s8Y2f_v4x8by9j
Question_VgKw8PjY1FR6cm2QI9XW,1,1,r8S3g,r8S3g_l0p5viby,,
Question_UXqN1F7G3Sbldz02vZne,3,1,y9W5d,y9W5d_c0w4mj5h,,
Question_TmKaGvfNoXYq4FZ2JrBu,3,1,m3D1v,m3D1v_r1d7fr3l,,
Question_tgOjrpZLw4RdVzQx85h6,2,1,t5V9e,t5V9e_e1k6cixp,,
Question_s6VmP1G4UbEQWRYHK9Fd,2,1,t5V9e,t5V9e_e1k6cixp,,
Question_rvB9mVE6Kbd8jAY4NwPx,1,1,r8S3g,r8S3g_n0m9rsw4,,
Question_QRm48lXxzdP7Tn1WgNOf,3,2,y9W5d,y9W5d_c0w4mj5h,m3D1v,m3D1v_r1d7fr3l
Question_q7OpB2zCMmW9wS8uNt3H,1,2,r8S3g,r8S3g_n0m9rsw4,r8S3g,r8S3g_l0p5viby
Question_pVKXjZn0BkSwYcsa7C31,3,2,y9W5d,y9W5d_c0w4mj5h,m3D1v,m3D1v_r1d7fr3l
Question_Ou3f2Wt9BqExm5DpN7Zk,3,1,y9W5d,y9W5d_p8g6dgtv,,
Question_oCjnFLbIs4Uxwek9rBpu,3,2,g7R2j,g7R2j_e0v1yls8,m3D1v,m3D1v_r1d7fr3l
Question_NixCn84GdK2tySa5rB1V,3,1,m3D1v,m3D1v_r1d7fr3l,,
Question_n2BTxIGw1Mc3Zo6RLdUe,3,1,m3D1v,m3D1v_r1d7fr3l,,
Question_Mh4CZIsrEfxkP1wXtOYV,3,1,y9W5d,y9W5d_c0w4mj5h,,
Question_lU2wvHSZq7m43xiVroBc,3,2,y9W5d,y9W5d_c0w4mj5h,k4W1c,k4W1c_h5r6nux7
Question_Jr4Wz5jLqmN01KUwHa7g,3,1,m3D1v,m3D1v_t0v5ts9h,,
Question_hZ5wXofebmTlzKB1jNcP,3,1,b3C9s,b3C9s_l4z6od7y,,
Question_h7pXNg80nJbw1C4kAPRm,3,1,m3D1v,m3D1v_r1d7fr3l,,
Question_fZrP3FJ4ebUogW9V7taS,1,1,r8S3g,r8S3g_n0m9rsw4,,
Question_FNg8X9v5zcbB1tQrxHR3,4,1,b3C9s,b3C9s_j0v1yls8,,
Question_Ej5mBw9rsOUKkFycGvz2,3,1,y9W5d,y9W5d_c0w4mj5h,,
Question_EhVPdmlB31M8WKGqL0wc,3,1,y9W5d,y9W5d_e2j7p95s,,
Question_BW0ItEaymH3TkD6S15JF,1,1,r8S3g,r8S3g_n0m9rsw4,,
Question_bumGRTJ0c8p4v5D6eHZa,3,1,b3C9s,b3C9s_l4z6od7y,,
Question_Az73sM0rHfWVKuc4X2kL,3,1,y9W5d,y9W5d_p8g6dgtv,,
Question_7NJzCXUPcvQF4Mkfh9Wr,3,1,m3D1v,m3D1v_v3d9is1x,,
Question_6RQj2gF3OeK5AmDvThUV,3,1,m3D1v,m3D1v_r1d7fr3l,,
Question_62XbhBvJ8NUSnApgDL94,3,1,y9W5d,y9W5d_c0w4mj5h,,
Question_5fgqjSBwTPG7KUV3it6O,3,1,g7R2j,g7R2j_e0v1yls8,,
Question_4nHcauCQ0Y6Pm8DgKlLo,3,1,m3D1v,m3D1v_r1d7fr3l,,
Question_3oPyUzDmQtcMfLpGZ0jW,2,1,t5V9e,t5V9e_e1k6cixp,,
Question_3MwAFlmNO8EKrpY5zjUd,2,1,t5V9e,t5V9e_e1k6cixp,,
